{"cameraMode":{"drawMode":0,"name":"Shaded","section":"Shading Mode"},"sceneLighting":true,"audioPlay":false,"sceneViewState":{"m_AlwaysRefresh":false,"showFog":true,"showSkybox":true,"showFlares":true,"showImageEffects":true,"showParticleSystems":true,"showVisualEffectGraphs":true,"m_FxEnabled":true},"in2DMode":false,"pivot":{"x":0.8879489302635193,"y":2.6313438415527345,"z":-6.348012447357178},"rotation":{"x":0.17207153141498567,"y":0.7967332005500794,"z":-0.26651471853256228,"w":0.5143977403640747},"size":0.960468590259552,"orthographic":false}