{"cameraMode":{"drawMode":0,"name":"Shaded","section":"Shading Mode"},"sceneLighting":true,"audioPlay":false,"sceneViewState":{"m_AlwaysRefresh":false,"showFog":true,"showSkybox":true,"showFlares":true,"showImageEffects":true,"showParticleSystems":true,"showVisualEffectGraphs":true,"m_FxEnabled":true},"in2DMode":false,"pivot":{"x":1.0250798463821412,"y":10.332242012023926,"z":-11.791149139404297},"rotation":{"x":-0.3701614737510681,"y":0.2910323739051819,"z":-0.12332404404878617,"w":-0.8735420107841492},"size":0.02180151268839836,"orthographic":false}