{"cameraMode":{"drawMode":0,"name":"Shaded","section":"Shading Mode"},"sceneLighting":true,"audioPlay":false,"sceneViewState":{"m_AlwaysRefresh":false,"showFog":true,"showSkybox":true,"showFlares":true,"showImageEffects":true,"showParticleSystems":true,"showVisualEffectGraphs":true,"m_FxEnabled":true},"in2DMode":false,"pivot":{"x":-36.82630157470703,"y":51.882408142089847,"z":67.8453598022461},"rotation":{"x":0.014327618293464184,"y":-0.8700778484344482,"z":-0.026003969833254815,"w":-0.49224773049354555},"size":1.3848989009857178,"orthographic":false}