{"cameraMode":{"drawMode":0,"name":"Shaded","section":"Shading Mode"},"sceneLighting":false,"audioPlay":false,"sceneViewState":{"m_AlwaysRefresh":false,"showFog":true,"showSkybox":false,"showFlares":true,"showImageEffects":true,"showParticleSystems":true,"showVisualEffectGraphs":true,"m_FxEnabled":true},"in2DMode":false,"pivot":{"x":0.5806856751441956,"y":1.0478297472000123,"z":0.9327877759933472},"rotation":{"x":-0.18709176778793336,"y":0.7001896500587463,"z":-0.19854702055454255,"w":-0.6597869396209717},"size":0.960468590259552,"orthographic":false}