{"cameraMode":{"drawMode":0,"name":"Shaded","section":"Shading Mode"},"sceneLighting":false,"audioPlay":false,"sceneViewState":{"m_AlwaysRefresh":false,"showFog":true,"showSkybox":false,"showFlares":true,"showImageEffects":true,"showParticleSystems":true,"showVisualEffectGraphs":true,"m_FxEnabled":true},"in2DMode":false,"pivot":{"x":-0.5516654253005981,"y":0.4143805205821991,"z":-0.12051080167293549},"rotation":{"x":-0.24967369437217713,"y":-0.4937744736671448,"z":0.15047825872898103,"w":-0.8192707300186157},"size":0.2086557000875473,"orthographic":false}