{"cameraMode":{"drawMode":0,"name":"Shaded","section":"Shading Mode"},"sceneLighting":false,"audioPlay":false,"sceneViewState":{"m_AlwaysRefresh":false,"showFog":true,"showSkybox":false,"showFlares":true,"showImageEffects":true,"showParticleSystems":true,"showVisualEffectGraphs":true,"m_FxEnabled":true},"in2DMode":false,"pivot":{"x":0.8410062789916992,"y":4.421104431152344,"z":2.0975732803344728},"rotation":{"x":-0.35187119245529177,"y":-0.10165058821439743,"z":0.03847196698188782,"w":-0.9297189116477966},"size":12.224353790283204,"orthographic":false}